<?xml version="1.0" encoding="UTF-8"?>
<project-private xmlns="http://www.netbeans.org/ns/project-private/1">
    <editor-bookmarks xmlns="http://www.netbeans.org/ns/editor-bookmarks/2" lastBookmarkId="0"/>
    <open-files xmlns="http://www.netbeans.org/ns/projectui-open-files/2">
        <group>
            <file>file:/D:/KULIAH/SEMESTER%204/PRAK%20PBO/asisten-prak-pbo-8-mvc-main/src/Model/Dosen/ModelTable.java</file>
            <file>file:/D:/KULIAH/SEMESTER%204/PRAK%20PBO/asisten-prak-pbo-8-mvc-main/src/Controller/ControllerMahasiswa.java</file>
            <file>file:/D:/KULIAH/SEMESTER%204/PRAK%20PBO/asisten-prak-pbo-8-mvc-main/src/Model/Mahasiswa/ModelMahasiswa.java</file>
            <file>file:/D:/KULIAH/SEMESTER%204/PRAK%20PBO/asisten-prak-pbo-8-mvc-main/src/View/Mahasiswa/ViewData.java</file>
            <file>file:/D:/KULIAH/SEMESTER%204/PRAK%20PBO/asisten-prak-pbo-8-mvc-main/src/View/Mahasiswa/EditData.java</file>
            <file>file:/D:/KULIAH/SEMESTER%204/PRAK%20PBO/asisten-prak-pbo-8-mvc-main/src/View/Mahasiswa/InputData.java</file>
            <file>file:/D:/KULIAH/SEMESTER%204/PRAK%20PBO/asisten-prak-pbo-8-mvc-main/src/Main/Main.java</file>
            <file>file:/D:/KULIAH/SEMESTER%204/PRAK%20PBO/asisten-prak-pbo-8-mvc-main/src/Model/Dosen/ModelDosen.java</file>
            <file>file:/D:/KULIAH/SEMESTER%204/PRAK%20PBO/asisten-prak-pbo-8-mvc-main/src/Model/Dosen/DAODosen.java</file>
            <file>file:/D:/KULIAH/SEMESTER%204/PRAK%20PBO/asisten-prak-pbo-8-mvc-main/src/View/Dosen/InputData.java</file>
            <file>file:/D:/KULIAH/SEMESTER%204/PRAK%20PBO/asisten-prak-pbo-8-mvc-main/src/Model/Mahasiswa/InterfaceDAOMahasiswa.java</file>
            <file>file:/D:/KULIAH/SEMESTER%204/PRAK%20PBO/asisten-prak-pbo-8-mvc-main/src/Model/Mahasiswa/ModelTable.java</file>
            <file>file:/D:/KULIAH/SEMESTER%204/PRAK%20PBO/asisten-prak-pbo-8-mvc-main/src/Model/Mahasiswa/DAOMahasiswa.java</file>
            <file>file:/D:/KULIAH/SEMESTER%204/PRAK%20PBO/asisten-prak-pbo-8-mvc-main/src/Controller/ControllerDosen.java</file>
            <file>file:/D:/KULIAH/SEMESTER%204/PRAK%20PBO/asisten-prak-pbo-8-mvc-main/src/Model/Connector.java</file>
            <file>file:/D:/KULIAH/SEMESTER%204/PRAK%20PBO/asisten-prak-pbo-8-mvc-main/src/View/Dosen/ViewData.java</file>
            <file>file:/D:/KULIAH/SEMESTER%204/PRAK%20PBO/asisten-prak-pbo-8-mvc-main/src/Main/Menu.java</file>
            <file>file:/D:/KULIAH/SEMESTER%204/PRAK%20PBO/asisten-prak-pbo-8-mvc-main/src/Model/Dosen/InterfaceDAODosen.java</file>
            <file>file:/D:/KULIAH/SEMESTER%204/PRAK%20PBO/asisten-prak-pbo-8-mvc-main/src/View/Dosen/EditData.java</file>
        </group>
    </open-files>
</project-private>
